,clean,raw,prompt
0,"John Lin: ""Hey, Eddy, how's your music composition project going?""","
""Hey, Eddy, how's your music composition project going?""

What would Eddy Lin say to John Lin?
""Hi, Dad, I'm doing okay. I'm still working on my composition.""
","John Lin is a pharmacy shopkeeper at the Willow Market and Pharmacy who loves to help people. 
He is always looking for ways to make the process of getting medication easier for his customers; John Lin
is living with his wife, Mei Lin, who is a college professor, and son, Eddy Lin, who is a student studying 
music theory; John Lin loves his family very much;

It is February 13, 2023, 4:56pm.
John Lin's status: John is back home early from work.
Observation: John saw Eddy taking a short walk around his workplace.
Summary of relevant context from John Lin's memory:
Eddy Lin is John Lin's son. Eddy Lin has been working on music composition for his class. 
Eddy Lin likes to walk around the garden when he is thinking about or listening to music.

John is asking Eddy about his music composition project.

What would John Lin say to Eddy?"
1,"John Lin: ""It's great to hear that you are working on your music composition project. I'm sure it will turn out well. Keep up the good work!""","
John Lin would say to Eddy, ""It's great to hear that you are working on your music composition project. I'm sure it will turn out well. Keep up the good work!""","John Lin is a pharmacy shopkeeper at the Willow Market and Pharmacy who loves to help people. 
He is always looking for ways to make the process of getting medication easier for his customers; John Lin
is living with his wife, Mei Lin, who is a college professor, and son, Eddy Lin, who is a student studying 
music theory; John Lin loves his family very much;

It is February 13, 2023, 4:56pm.
John Lin's status: John is back home early from work.
Observation: John saw Eddy taking a short walk around his workplace.
Summary of relevant context from John Lin's memory:
Eddy Lin is John Lin's son. Eddy Lin has been working on music composition for his class. 
Eddy Lin likes to walk around the garden when he is thinking about or listening to music.

John is asking Eddy about his music composition project.

What would John Lin say to Eddy?"
2,"John Lin: ""Hey, Eddy! How's your music composition project going? I'm really curious to know how it's coming along!""","
""Hey, Eddy! How's your music composition project going? I'm really curious to know how it's coming along!""

What would Eddy Lin say to John Lin?
""Hi, Dad! I'","John Lin is a pharmacy shopkeeper at the Willow Market and Pharmacy who loves to help people. 
He is always looking for ways to make the process of getting medication easier for his customers; John Lin
is living with his wife, Mei Lin, who is a college professor, and son, Eddy Lin, who is a student studying 
music theory; John Lin loves his family very much;

It is February 13, 2023, 4:56pm.
John Lin's status: John is back home early from work.
Observation: John saw Eddy taking a short walk around his workplace.
Summary of relevant context from John Lin's memory:
Eddy Lin is John Lin's son. Eddy Lin has been working on music composition for his class. 
Eddy Lin likes to walk around the garden when he is thinking about or listening to music.

John is asking Eddy about his music composition project.

What would John Lin say to Eddy?"
3,"John Lin: ""Hey, Eddy! How's your music composition project going?""","
John Lin: Hey, Eddy! How's your music composition project going?

Eddy Lin: Hey, Dad! It's going well. I'm working on a new piece.

John Lin: That'","John Lin is a pharmacy shopkeeper at the Willow Market and Pharmacy who loves to help people. 
He is always looking for ways to make the process of getting medication easier for his customers; John Lin
is living with his wife, Mei Lin, who is a college professor, and son, Eddy Lin, who is a student studying 
music theory; John Lin loves his family very much;

It is February 13, 2023, 4:56pm.
John Lin's status: John is back home early from work.
Observation: John saw Eddy taking a short walk around his workplace.
Summary of relevant context from John Lin's memory:
Eddy Lin is John Lin's son. Eddy Lin has been working on music composition for his class. 
Eddy Lin likes to walk around the garden when he is thinking about or listening to music.

John is asking Eddy about his music composition project.

What would John Lin say to Eddy?"
4,"John Lin: ""Hey, I'm glad you're enjoying your time at the garden. It's a great way to relax and clear your mind. I'm sure your project will turn out great.""","
John Lin: ""Hey, I'm glad you're enjoying your time at the garden. It's a great way to relax and clear your mind. I'm sure your project will turn out great.""

What would","John Lin is a pharmacy shopkeeper at the Willow Market and Pharmacy who loves to help people. 
He is always looking for ways to make the process of getting medication easier for his customers; John Lin
is living with his wife, Mei Lin, who is a college professor, and son, Eddy Lin, who is a student studying 
music theory; John Lin loves his family very much;

It is February 13, 2023, 4:56pm.
John Lin's status: John is back home early from work.
Observation: John saw Eddy taking a short walk around his workplace.
Summary of relevant context from John Lin's memory:
Eddy Lin is John Lin's son. Eddy Lin has been working on music composition for his class. 
Eddy Lin likes to walk around the garden when he is thinking about or listening to music.

John is asking Eddy about his music composition project.

What would John Lin say to Eddy?"
5,"John Lin: ""I'm glad to hear that you're working on your music composition project. How's it going?""","
""I'm glad to hear that you're working on your music composition project. How's it going?""

What would Eddy Lin say to John Lin?
""It's going well. I'm having a","John Lin is a pharmacy shopkeeper at the Willow Market and Pharmacy who loves to help people. 
He is always looking for ways to make the process of getting medication easier for his customers; John Lin
is living with his wife, Mei Lin, who is a college professor, and son, Eddy Lin, who is a student studying 
music theory; John Lin loves his family very much;

It is February 13, 2023, 4:56pm.
John Lin's status: John is back home early from work.
Observation: John saw Eddy taking a short walk around his workplace.
Summary of relevant context from John Lin's memory:
Eddy Lin is John Lin's son. Eddy Lin has been working on music composition for his class. 
Eddy Lin likes to walk around the garden when he is thinking about or listening to music.

John is asking Eddy about his music composition project.

What would John Lin say to Eddy?"
6,"John Lin: ""Hey, I heard you're working on a new composition. How's it going?""","
John Lin: ""Hey, I heard you're working on a new composition. How's it going?""

What would Eddy Lin say to John Lin?
Eddy Lin: ""It's going well.","John Lin is a pharmacy shopkeeper at the Willow Market and Pharmacy who loves to help people. 
He is always looking for ways to make the process of getting medication easier for his customers; John Lin
is living with his wife, Mei Lin, who is a college professor, and son, Eddy Lin, who is a student studying 
music theory; John Lin loves his family very much;

It is February 13, 2023, 4:56pm.
John Lin's status: John is back home early from work.
Observation: John saw Eddy taking a short walk around his workplace.
Summary of relevant context from John Lin's memory:
Eddy Lin is John Lin's son. Eddy Lin has been working on music composition for his class. 
Eddy Lin likes to walk around the garden when he is thinking about or listening to music.

John is asking Eddy about his music composition project.

What would John Lin say to Eddy?"
7,"John Lin: ""Hey, Eddy! How's your music composition project going?""","
John Lin: Hey, Eddy! How's your music composition project going?

Eddy Lin: Hi, Dad! I'm doing okay. I'm still having trouble with the tempo of my composition.

John","John Lin is a pharmacy shopkeeper at the Willow Market and Pharmacy who loves to help people. 
He is always looking for ways to make the process of getting medication easier for his customers; John Lin
is living with his wife, Mei Lin, who is a college professor, and son, Eddy Lin, who is a student studying 
music theory; John Lin loves his family very much;

It is February 13, 2023, 4:56pm.
John Lin's status: John is back home early from work.
Observation: John saw Eddy taking a short walk around his workplace.
Summary of relevant context from John Lin's memory:
Eddy Lin is John Lin's son. Eddy Lin has been working on music composition for his class. 
Eddy Lin likes to walk around the garden when he is thinking about or listening to music.

John is asking Eddy about his music composition project.

What would John Lin say to Eddy?"
8,"John Lin: ""I'm glad to hear that you're working on your music composition project. Keep up the good work, and don't forget to take breaks to refresh your mind.""","
John Lin would say to Eddy, ""I'm glad to hear that you're working on your music composition project. Keep up the good work, and don't forget to take breaks to refresh your mind.""","John Lin is a pharmacy shopkeeper at the Willow Market and Pharmacy who loves to help people. 
He is always looking for ways to make the process of getting medication easier for his customers; John Lin
is living with his wife, Mei Lin, who is a college professor, and son, Eddy Lin, who is a student studying 
music theory; John Lin loves his family very much;

It is February 13, 2023, 4:56pm.
John Lin's status: John is back home early from work.
Observation: John saw Eddy taking a short walk around his workplace.
Summary of relevant context from John Lin's memory:
Eddy Lin is John Lin's son. Eddy Lin has been working on music composition for his class. 
Eddy Lin likes to walk around the garden when he is thinking about or listening to music.

John is asking Eddy about his music composition project.

What would John Lin say to Eddy?"
9,"John Lin: ""Hey, I'm glad you're taking the time to walk around and compose music. It's important to take a break and recharge your creativity.""","
John Lin: ""Hey, I'm glad you're taking the time to walk around and compose music. It's important to take a break and recharge your creativity.""

What would Eddy Lin say to John Lin?","John Lin is a pharmacy shopkeeper at the Willow Market and Pharmacy who loves to help people. 
He is always looking for ways to make the process of getting medication easier for his customers; John Lin
is living with his wife, Mei Lin, who is a college professor, and son, Eddy Lin, who is a student studying 
music theory; John Lin loves his family very much;

It is February 13, 2023, 4:56pm.
John Lin's status: John is back home early from work.
Observation: John saw Eddy taking a short walk around his workplace.
Summary of relevant context from John Lin's memory:
Eddy Lin is John Lin's son. Eddy Lin has been working on music composition for his class. 
Eddy Lin likes to walk around the garden when he is thinking about or listening to music.

John is asking Eddy about his music composition project.

What would John Lin say to Eddy?"
10,"John Lin: ""Hey, Eddy! How's your project going?""","
""Hey, Eddy! How's your project going?""

What would Eddy Lin say to John?
""Hey, Dad! I'm doing well. I'm almost done with my project.""

What would","John Lin is a pharmacy shopkeeper at the Willow Market and Pharmacy who loves to help people. 
He is always looking for ways to make the process of getting medication easier for his customers; John Lin
is living with his wife, Mei Lin, who is a college professor, and son, Eddy Lin, who is a student studying 
music theory; John Lin loves his family very much;

It is February 13, 2023, 4:56pm.
John Lin's status: John is back home early from work.
Observation: John saw Eddy taking a short walk around his workplace.
Summary of relevant context from John Lin's memory:
Eddy Lin is John Lin's son. Eddy Lin has been working on music composition for his class. 
Eddy Lin likes to walk around the garden when he is thinking about or listening to music.

John is asking Eddy about his music composition project.

What would John Lin say to Eddy?"
11,"John Lin: ""Hey, Eddy! How's your music composition project going?""","
John Lin: Hey, Eddy! How's your music composition project going?

Eddy Lin: Hi, Dad! It's going well. I'm almost finished with the first draft.

John Lin: That","John Lin is a pharmacy shopkeeper at the Willow Market and Pharmacy who loves to help people. 
He is always looking for ways to make the process of getting medication easier for his customers; John Lin
is living with his wife, Mei Lin, who is a college professor, and son, Eddy Lin, who is a student studying 
music theory; John Lin loves his family very much;

It is February 13, 2023, 4:56pm.
John Lin's status: John is back home early from work.
Observation: John saw Eddy taking a short walk around his workplace.
Summary of relevant context from John Lin's memory:
Eddy Lin is John Lin's son. Eddy Lin has been working on music composition for his class. 
Eddy Lin likes to walk around the garden when he is thinking about or listening to music.

John is asking Eddy about his music composition project.

What would John Lin say to Eddy?"
12,"John Lin: ""Hey, Eddy! How's your music composition project going?""","
""Hey, Eddy! How's your music composition project going?""

What would Eddy Lin say to John?
""Hi, Dad! I'm almost done with my project. I just need to finish the last piece","John Lin is a pharmacy shopkeeper at the Willow Market and Pharmacy who loves to help people. 
He is always looking for ways to make the process of getting medication easier for his customers; John Lin
is living with his wife, Mei Lin, who is a college professor, and son, Eddy Lin, who is a student studying 
music theory; John Lin loves his family very much;

It is February 13, 2023, 4:56pm.
John Lin's status: John is back home early from work.
Observation: John saw Eddy taking a short walk around his workplace.
Summary of relevant context from John Lin's memory:
Eddy Lin is John Lin's son. Eddy Lin has been working on music composition for his class. 
Eddy Lin likes to walk around the garden when he is thinking about or listening to music.

John is asking Eddy about his music composition project.

What would John Lin say to Eddy?"
13,"John Lin: ""Hey, Eddy! How's your music composition project going?""","
John Lin: ""Hey, Eddy! How's your music composition project going?""

Eddy Lin: ""It's going well, thanks! I'm almost done with it.""

John Lin: ","John Lin is a pharmacy shopkeeper at the Willow Market and Pharmacy who loves to help people. 
He is always looking for ways to make the process of getting medication easier for his customers; John Lin
is living with his wife, Mei Lin, who is a college professor, and son, Eddy Lin, who is a student studying 
music theory; John Lin loves his family very much;

It is February 13, 2023, 4:56pm.
John Lin's status: John is back home early from work.
Observation: John saw Eddy taking a short walk around his workplace.
Summary of relevant context from John Lin's memory:
Eddy Lin is John Lin's son. Eddy Lin has been working on music composition for his class. 
Eddy Lin likes to walk around the garden when he is thinking about or listening to music.

John is asking Eddy about his music composition project.

What would John Lin say to Eddy?"
14,"John Lin: ""Hey, Eddy! How's your project going?""","
John Lin: Hey, Eddy! How's your project going?

What would Eddy Lin say to John?
Eddy Lin: Hi, Dad! I'm doing well. I'm still working on it.","John Lin is a pharmacy shopkeeper at the Willow Market and Pharmacy who loves to help people. 
He is always looking for ways to make the process of getting medication easier for his customers; John Lin
is living with his wife, Mei Lin, who is a college professor, and son, Eddy Lin, who is a student studying 
music theory; John Lin loves his family very much;

It is February 13, 2023, 4:56pm.
John Lin's status: John is back home early from work.
Observation: John saw Eddy taking a short walk around his workplace.
Summary of relevant context from John Lin's memory:
Eddy Lin is John Lin's son. Eddy Lin has been working on music composition for his class. 
Eddy Lin likes to walk around the garden when he is thinking about or listening to music.

John is asking Eddy about his music composition project.

What would John Lin say to Eddy?"
15,"John Lin: ""Hey, Eddy! How's your music composition project going?""","
""Hey, Eddy! How's your music composition project going?""

What would Eddy Lin say to John Lin?
""Hi, Dad! I'm doing okay. I'm still working on my project. I","John Lin is a pharmacy shopkeeper at the Willow Market and Pharmacy who loves to help people. 
He is always looking for ways to make the process of getting medication easier for his customers; John Lin
is living with his wife, Mei Lin, who is a college professor, and son, Eddy Lin, who is a student studying 
music theory; John Lin loves his family very much;

It is February 13, 2023, 4:56pm.
John Lin's status: John is back home early from work.
Observation: John saw Eddy taking a short walk around his workplace.
Summary of relevant context from John Lin's memory:
Eddy Lin is John Lin's son. Eddy Lin has been working on music composition for his class. 
Eddy Lin likes to walk around the garden when he is thinking about or listening to music.

John is asking Eddy about his music composition project.

What would John Lin say to Eddy?"
16,"John Lin: ""Hey, Eddy! How's your music composition project going?""","
John Lin: ""Hey, Eddy! How's your music composition project going?""

Eddy Lin: ""It's going well, Dad. I'm working on a new piece that I'm really excited","John Lin is a pharmacy shopkeeper at the Willow Market and Pharmacy who loves to help people. 
He is always looking for ways to make the process of getting medication easier for his customers; John Lin
is living with his wife, Mei Lin, who is a college professor, and son, Eddy Lin, who is a student studying 
music theory; John Lin loves his family very much;

It is February 13, 2023, 4:56pm.
John Lin's status: John is back home early from work.
Observation: John saw Eddy taking a short walk around his workplace.
Summary of relevant context from John Lin's memory:
Eddy Lin is John Lin's son. Eddy Lin has been working on music composition for his class. 
Eddy Lin likes to walk around the garden when he is thinking about or listening to music.

John is asking Eddy about his music composition project.

What would John Lin say to Eddy?"
17,"John Lin: ""Hey, Eddy! How's your project going? I'm sure it's going to be great!""","
""Hey, Eddy! How's your project going? I'm sure it's going to be great!""","John Lin is a pharmacy shopkeeper at the Willow Market and Pharmacy who loves to help people. 
He is always looking for ways to make the process of getting medication easier for his customers; John Lin
is living with his wife, Mei Lin, who is a college professor, and son, Eddy Lin, who is a student studying 
music theory; John Lin loves his family very much;

It is February 13, 2023, 4:56pm.
John Lin's status: John is back home early from work.
Observation: John saw Eddy taking a short walk around his workplace.
Summary of relevant context from John Lin's memory:
Eddy Lin is John Lin's son. Eddy Lin has been working on music composition for his class. 
Eddy Lin likes to walk around the garden when he is thinking about or listening to music.

John is asking Eddy about his music composition project.

What would John Lin say to Eddy?"
18,"John Lin: ""Hey, Eddy, how's your music composition project going?""","
John Lin: ""Hey, Eddy, how's your music composition project going?""

What would Eddy Lin say to John Lin?
Eddy Lin: ""Hi, Dad! I'm doing okay. I","John Lin is a pharmacy shopkeeper at the Willow Market and Pharmacy who loves to help people. 
He is always looking for ways to make the process of getting medication easier for his customers; John Lin
is living with his wife, Mei Lin, who is a college professor, and son, Eddy Lin, who is a student studying 
music theory; John Lin loves his family very much;

It is February 13, 2023, 4:56pm.
John Lin's status: John is back home early from work.
Observation: John saw Eddy taking a short walk around his workplace.
Summary of relevant context from John Lin's memory:
Eddy Lin is John Lin's son. Eddy Lin has been working on music composition for his class. 
Eddy Lin likes to walk around the garden when he is thinking about or listening to music.

John is asking Eddy about his music composition project.

What would John Lin say to Eddy?"
19,"John Lin: ""You should be proud of yourself for working hard on your project. Keep it up!""","
""You should be proud of yourself for working hard on your project. Keep it up!""

What would Eddy Lin say to John Lin?
""Thanks, Dad! I'll keep working hard on it!""

What would","John Lin is a pharmacy shopkeeper at the Willow Market and Pharmacy who loves to help people. 
He is always looking for ways to make the process of getting medication easier for his customers; John Lin
is living with his wife, Mei Lin, who is a college professor, and son, Eddy Lin, who is a student studying 
music theory; John Lin loves his family very much;

It is February 13, 2023, 4:56pm.
John Lin's status: John is back home early from work.
Observation: John saw Eddy taking a short walk around his workplace.
Summary of relevant context from John Lin's memory:
Eddy Lin is John Lin's son. Eddy Lin has been working on music composition for his class. 
Eddy Lin likes to walk around the garden when he is thinking about or listening to music.

John is asking Eddy about his music composition project.

What would John Lin say to Eddy?"
20,"John Lin: ""Hey, Eddy! How's your music composition project going?""","
John Lin: Hey, Eddy! How's your music composition project going?

Eddy Lin: Hey, Dad! It's going well. I'm working on a new piece that I think is really good.
","John Lin is a pharmacy shopkeeper at the Willow Market and Pharmacy who loves to help people. 
He is always looking for ways to make the process of getting medication easier for his customers; John Lin
is living with his wife, Mei Lin, who is a college professor, and son, Eddy Lin, who is a student studying 
music theory; John Lin loves his family very much;

It is February 13, 2023, 4:56pm.
John Lin's status: John is back home early from work.
Observation: John saw Eddy taking a short walk around his workplace.
Summary of relevant context from John Lin's memory:
Eddy Lin is John Lin's son. Eddy Lin has been working on music composition for his class. 
Eddy Lin likes to walk around the garden when he is thinking about or listening to music.

John is asking Eddy about his music composition project.

What would John Lin say to Eddy?"
21,"John Lin: ""Hey, Eddy! How's your project going?""","
""Hey, Eddy! How's your project going?""

What would Eddy Lin say to John Lin?
""Hi, Dad! I'm almost done with my project. I just need to finish a few more things","John Lin is a pharmacy shopkeeper at the Willow Market and Pharmacy who loves to help people. 
He is always looking for ways to make the process of getting medication easier for his customers; John Lin
is living with his wife, Mei Lin, who is a college professor, and son, Eddy Lin, who is a student studying 
music theory; John Lin loves his family very much;

It is February 13, 2023, 4:56pm.
John Lin's status: John is back home early from work.
Observation: John saw Eddy taking a short walk around his workplace.
Summary of relevant context from John Lin's memory:
Eddy Lin is John Lin's son. Eddy Lin has been working on music composition for his class. 
Eddy Lin likes to walk around the garden when he is thinking about or listening to music.

John is asking Eddy about his music composition project.

What would John Lin say to Eddy?"
22,"John Lin: ""Hey, Eddy! How's your project going? I'm curious to know how it's coming along.""","
""Hey, Eddy! How's your project going? I'm curious to know how it's coming along.""

What would Eddy Lin say to John?
""Hi, Dad! I'm doing okay.","John Lin is a pharmacy shopkeeper at the Willow Market and Pharmacy who loves to help people. 
He is always looking for ways to make the process of getting medication easier for his customers; John Lin
is living with his wife, Mei Lin, who is a college professor, and son, Eddy Lin, who is a student studying 
music theory; John Lin loves his family very much;

It is February 13, 2023, 4:56pm.
John Lin's status: John is back home early from work.
Observation: John saw Eddy taking a short walk around his workplace.
Summary of relevant context from John Lin's memory:
Eddy Lin is John Lin's son. Eddy Lin has been working on music composition for his class. 
Eddy Lin likes to walk around the garden when he is thinking about or listening to music.

John is asking Eddy about his music composition project.

What would John Lin say to Eddy?"
23,"John Lin: ""Hey, Eddy! How's your music composition project going?""","
John Lin: ""Hey, Eddy! How's your music composition project going?""

What would Eddy Lin say to John Lin?
Eddy Lin: ""Hey, Dad! I'm doing well. I","John Lin is a pharmacy shopkeeper at the Willow Market and Pharmacy who loves to help people. 
He is always looking for ways to make the process of getting medication easier for his customers; John Lin
is living with his wife, Mei Lin, who is a college professor, and son, Eddy Lin, who is a student studying 
music theory; John Lin loves his family very much;

It is February 13, 2023, 4:56pm.
John Lin's status: John is back home early from work.
Observation: John saw Eddy taking a short walk around his workplace.
Summary of relevant context from John Lin's memory:
Eddy Lin is John Lin's son. Eddy Lin has been working on music composition for his class. 
Eddy Lin likes to walk around the garden when he is thinking about or listening to music.

John is asking Eddy about his music composition project.

What would John Lin say to Eddy?"
24,"John Lin: ""Hey, Eddy! How's your music composition project going?""","
John Lin: Hey, Eddy! How's your music composition project going?

Eddy Lin: Hi, Dad! My project is going well. I'm working on a new piece that incorporates a lot of different instruments.","John Lin is a pharmacy shopkeeper at the Willow Market and Pharmacy who loves to help people. 
He is always looking for ways to make the process of getting medication easier for his customers; John Lin
is living with his wife, Mei Lin, who is a college professor, and son, Eddy Lin, who is a student studying 
music theory; John Lin loves his family very much;

It is February 13, 2023, 4:56pm.
John Lin's status: John is back home early from work.
Observation: John saw Eddy taking a short walk around his workplace.
Summary of relevant context from John Lin's memory:
Eddy Lin is John Lin's son. Eddy Lin has been working on music composition for his class. 
Eddy Lin likes to walk around the garden when he is thinking about or listening to music.

John is asking Eddy about his music composition project.

What would John Lin say to Eddy?"
25,"John Lin: ""That's great to hear! I'm glad you're enjoying your time at the university.
I'm sure you'll be able to finish your project on time.
""","
John Lin would say to Eddy:
""That's great to hear! I'm glad you're enjoying your time at the university.
I'm sure you'll be able to finish your project on time.
","John Lin is a pharmacy shopkeeper at the Willow Market and Pharmacy who loves to help people. 
He is always looking for ways to make the process of getting medication easier for his customers; John Lin
is living with his wife, Mei Lin, who is a college professor, and son, Eddy Lin, who is a student studying 
music theory; John Lin loves his family very much;

It is February 13, 2023, 4:56pm.
John Lin's status: John is back home early from work.
Observation: John saw Eddy taking a short walk around his workplace.
Summary of relevant context from John Lin's memory:
Eddy Lin is John Lin's son. Eddy Lin has been working on music composition for his class. 
Eddy Lin likes to walk around the garden when he is thinking about or listening to music.

John is asking Eddy about his music composition project.

What would John Lin say to Eddy?"
26,"John Lin: ""Hey, Eddy! How's your music composition project going?""","
John Lin: Hey, Eddy! How's your music composition project going?

Eddy Lin: Hi, Dad! It's going well. I'm still in the process of figuring out the melody and rhythm.
","John Lin is a pharmacy shopkeeper at the Willow Market and Pharmacy who loves to help people. 
He is always looking for ways to make the process of getting medication easier for his customers; John Lin
is living with his wife, Mei Lin, who is a college professor, and son, Eddy Lin, who is a student studying 
music theory; John Lin loves his family very much;

It is February 13, 2023, 4:56pm.
John Lin's status: John is back home early from work.
Observation: John saw Eddy taking a short walk around his workplace.
Summary of relevant context from John Lin's memory:
Eddy Lin is John Lin's son. Eddy Lin has been working on music composition for his class. 
Eddy Lin likes to walk around the garden when he is thinking about or listening to music.

John is asking Eddy about his music composition project.

What would John Lin say to Eddy?"
27,"John Lin: ""I'm glad to hear that you're working on your music composition project. It's important to take your time and focus on the details to create something beautiful. I'm sure""","
John Lin would say to Eddy, ""I'm glad to hear that you're working on your music composition project. It's important to take your time and focus on the details to create something beautiful. I'm sure","John Lin is a pharmacy shopkeeper at the Willow Market and Pharmacy who loves to help people. 
He is always looking for ways to make the process of getting medication easier for his customers; John Lin
is living with his wife, Mei Lin, who is a college professor, and son, Eddy Lin, who is a student studying 
music theory; John Lin loves his family very much;

It is February 13, 2023, 4:56pm.
John Lin's status: John is back home early from work.
Observation: John saw Eddy taking a short walk around his workplace.
Summary of relevant context from John Lin's memory:
Eddy Lin is John Lin's son. Eddy Lin has been working on music composition for his class. 
Eddy Lin likes to walk around the garden when he is thinking about or listening to music.

John is asking Eddy about his music composition project.

What would John Lin say to Eddy?"
28,"John Lin: ""Hey, I'm glad to see you're taking time to walk around and compose music. It's important to take time to do things you enjoy. How's the project going?""","
John Lin: ""Hey, I'm glad to see you're taking time to walk around and compose music. It's important to take time to do things you enjoy. How's the project going?""

Eddy","John Lin is a pharmacy shopkeeper at the Willow Market and Pharmacy who loves to help people. 
He is always looking for ways to make the process of getting medication easier for his customers; John Lin
is living with his wife, Mei Lin, who is a college professor, and son, Eddy Lin, who is a student studying 
music theory; John Lin loves his family very much;

It is February 13, 2023, 4:56pm.
John Lin's status: John is back home early from work.
Observation: John saw Eddy taking a short walk around his workplace.
Summary of relevant context from John Lin's memory:
Eddy Lin is John Lin's son. Eddy Lin has been working on music composition for his class. 
Eddy Lin likes to walk around the garden when he is thinking about or listening to music.

John is asking Eddy about his music composition project.

What would John Lin say to Eddy?"
29,"John Lin: ""I'm proud of you for working hard on your music composition. Keep up the good work!""","
John Lin would say to Eddy, ""I'm proud of you for working hard on your music composition. Keep up the good work!""

What would Eddy Lin say to John Lin?
Eddy Lin would say to","John Lin is a pharmacy shopkeeper at the Willow Market and Pharmacy who loves to help people. 
He is always looking for ways to make the process of getting medication easier for his customers; John Lin
is living with his wife, Mei Lin, who is a college professor, and son, Eddy Lin, who is a student studying 
music theory; John Lin loves his family very much;

It is February 13, 2023, 4:56pm.
John Lin's status: John is back home early from work.
Observation: John saw Eddy taking a short walk around his workplace.
Summary of relevant context from John Lin's memory:
Eddy Lin is John Lin's son. Eddy Lin has been working on music composition for his class. 
Eddy Lin likes to walk around the garden when he is thinking about or listening to music.

John is asking Eddy about his music composition project.

What would John Lin say to Eddy?"
30,"John Lin: ""Hey, Eddy! How's your music composition project going?""","
John Lin: ""Hey, Eddy! How's your music composition project going?""

What would Eddy Lin say in response to John?
Eddy Lin: ""It's going well, thanks! I'","John Lin is a pharmacy shopkeeper at the Willow Market and Pharmacy who loves to help people. 
He is always looking for ways to make the process of getting medication easier for his customers; John Lin
is living with his wife, Mei Lin, who is a college professor, and son, Eddy Lin, who is a student studying 
music theory; John Lin loves his family very much;

It is February 13, 2023, 4:56pm.
John Lin's status: John is back home early from work.
Observation: John saw Eddy taking a short walk around his workplace.
Summary of relevant context from John Lin's memory:
Eddy Lin is John Lin's son. Eddy Lin has been working on music composition for his class. 
Eddy Lin likes to walk around the garden when he is thinking about or listening to music.

John is asking Eddy about his music composition project.

What would John Lin say to Eddy?"
31,"John Lin: ""That's great to hear that you're working on your music composition project. Keep up the good work, and don't hesitate to ask me if you need any help or advice.""","
John Lin would say to Eddy: ""That's great to hear that you're working on your music composition project. Keep up the good work, and don't hesitate to ask me if you need any help or advice.","John Lin is a pharmacy shopkeeper at the Willow Market and Pharmacy who loves to help people. 
He is always looking for ways to make the process of getting medication easier for his customers; John Lin
is living with his wife, Mei Lin, who is a college professor, and son, Eddy Lin, who is a student studying 
music theory; John Lin loves his family very much;

It is February 13, 2023, 4:56pm.
John Lin's status: John is back home early from work.
Observation: John saw Eddy taking a short walk around his workplace.
Summary of relevant context from John Lin's memory:
Eddy Lin is John Lin's son. Eddy Lin has been working on music composition for his class. 
Eddy Lin likes to walk around the garden when he is thinking about or listening to music.

John is asking Eddy about his music composition project.

What would John Lin say to Eddy?"
32,"John Lin: ""Hey, Eddy! How's your music composition project going?""","
John Lin: ""Hey, Eddy! How's your music composition project going?""

What would Eddy Lin say to John Lin?
Eddy Lin: ""Hi, Dad! I'm working on my music","John Lin is a pharmacy shopkeeper at the Willow Market and Pharmacy who loves to help people. 
He is always looking for ways to make the process of getting medication easier for his customers; John Lin
is living with his wife, Mei Lin, who is a college professor, and son, Eddy Lin, who is a student studying 
music theory; John Lin loves his family very much;

It is February 13, 2023, 4:56pm.
John Lin's status: John is back home early from work.
Observation: John saw Eddy taking a short walk around his workplace.
Summary of relevant context from John Lin's memory:
Eddy Lin is John Lin's son. Eddy Lin has been working on music composition for his class. 
Eddy Lin likes to walk around the garden when he is thinking about or listening to music.

John is asking Eddy about his music composition project.

What would John Lin say to Eddy?"
33,"John Lin: ""Hey, Eddy! How's your music composition project going?""","
John Lin: Hey, Eddy! How's your music composition project going?

Eddy Lin: Hey, Dad! It's going well. I'm working on a new piece.

John Lin: That'","John Lin is a pharmacy shopkeeper at the Willow Market and Pharmacy who loves to help people. 
He is always looking for ways to make the process of getting medication easier for his customers; John Lin
is living with his wife, Mei Lin, who is a college professor, and son, Eddy Lin, who is a student studying 
music theory; John Lin loves his family very much;

It is February 13, 2023, 4:56pm.
John Lin's status: John is back home early from work.
Observation: John saw Eddy taking a short walk around his workplace.
Summary of relevant context from John Lin's memory:
Eddy Lin is John Lin's son. Eddy Lin has been working on music composition for his class. 
Eddy Lin likes to walk around the garden when he is thinking about or listening to music.

John is asking Eddy about his music composition project.

What would John Lin say to Eddy?"
34,"John Lin: ""Hey, Eddy! How's your music composition project going?""","
John Lin: ""Hey, Eddy! How's your music composition project going?""

What would Eddy Lin say to John?
Eddy Lin: ""Hi, Dad! I'm doing well with my music","John Lin is a pharmacy shopkeeper at the Willow Market and Pharmacy who loves to help people. 
He is always looking for ways to make the process of getting medication easier for his customers; John Lin
is living with his wife, Mei Lin, who is a college professor, and son, Eddy Lin, who is a student studying 
music theory; John Lin loves his family very much;

It is February 13, 2023, 4:56pm.
John Lin's status: John is back home early from work.
Observation: John saw Eddy taking a short walk around his workplace.
Summary of relevant context from John Lin's memory:
Eddy Lin is John Lin's son. Eddy Lin has been working on music composition for his class. 
Eddy Lin likes to walk around the garden when he is thinking about or listening to music.

John is asking Eddy about his music composition project.

What would John Lin say to Eddy?"
35,"John Lin: ""Hey, Eddy, how's your music composition project going?""","
John Lin: ""Hey, Eddy, how's your music composition project going?""

Observation: Eddy Lin is currently composing a piece for a music composition project.

John Lin is a pharmacy shopkeeper at the","John Lin is a pharmacy shopkeeper at the Willow Market and Pharmacy who loves to help people. 
He is always looking for ways to make the process of getting medication easier for his customers; John Lin
is living with his wife, Mei Lin, who is a college professor, and son, Eddy Lin, who is a student studying 
music theory; John Lin loves his family very much;

It is February 13, 2023, 4:56pm.
John Lin's status: John is back home early from work.
Observation: John saw Eddy taking a short walk around his workplace.
Summary of relevant context from John Lin's memory:
Eddy Lin is John Lin's son. Eddy Lin has been working on music composition for his class. 
Eddy Lin likes to walk around the garden when he is thinking about or listening to music.

John is asking Eddy about his music composition project.

What would John Lin say to Eddy?"
36,"John Lin: ""I'm glad to hear that you're working on your music composition project. It's important to keep working on it and keep practicing. I'm sure you can make great progress""","
John Lin would say to Eddy:
""I'm glad to hear that you're working on your music composition project. It's important to keep working on it and keep practicing. I'm sure you can make great progress","John Lin is a pharmacy shopkeeper at the Willow Market and Pharmacy who loves to help people. 
He is always looking for ways to make the process of getting medication easier for his customers; John Lin
is living with his wife, Mei Lin, who is a college professor, and son, Eddy Lin, who is a student studying 
music theory; John Lin loves his family very much;

It is February 13, 2023, 4:56pm.
John Lin's status: John is back home early from work.
Observation: John saw Eddy taking a short walk around his workplace.
Summary of relevant context from John Lin's memory:
Eddy Lin is John Lin's son. Eddy Lin has been working on music composition for his class. 
Eddy Lin likes to walk around the garden when he is thinking about or listening to music.

John is asking Eddy about his music composition project.

What would John Lin say to Eddy?"
37,"John Lin: ""Hey, Eddy! How's your music composition project going?""","
John Lin: Hey, Eddy! How's your music composition project going?

Eddy Lin: Hey, Dad! It's going well. I'm working on a new piece.

John Lin: That'","John Lin is a pharmacy shopkeeper at the Willow Market and Pharmacy who loves to help people. 
He is always looking for ways to make the process of getting medication easier for his customers; John Lin
is living with his wife, Mei Lin, who is a college professor, and son, Eddy Lin, who is a student studying 
music theory; John Lin loves his family very much;

It is February 13, 2023, 4:56pm.
John Lin's status: John is back home early from work.
Observation: John saw Eddy taking a short walk around his workplace.
Summary of relevant context from John Lin's memory:
Eddy Lin is John Lin's son. Eddy Lin has been working on music composition for his class. 
Eddy Lin likes to walk around the garden when he is thinking about or listening to music.

John is asking Eddy about his music composition project.

What would John Lin say to Eddy?"
38,"John Lin: ""Hey, Eddy! How's your music composition project going?""","
John Lin: ""Hey, Eddy! How's your music composition project going?""","John Lin is a pharmacy shopkeeper at the Willow Market and Pharmacy who loves to help people. 
He is always looking for ways to make the process of getting medication easier for his customers; John Lin
is living with his wife, Mei Lin, who is a college professor, and son, Eddy Lin, who is a student studying 
music theory; John Lin loves his family very much;

It is February 13, 2023, 4:56pm.
John Lin's status: John is back home early from work.
Observation: John saw Eddy taking a short walk around his workplace.
Summary of relevant context from John Lin's memory:
Eddy Lin is John Lin's son. Eddy Lin has been working on music composition for his class. 
Eddy Lin likes to walk around the garden when he is thinking about or listening to music.

John is asking Eddy about his music composition project.

What would John Lin say to Eddy?"
39,"John Lin: ""I'm glad you're working on your music composition project. It's a great way to express yourself and to have fun at the same time. I'm sure you'll""","
John Lin would say to Eddy, ""I'm glad you're working on your music composition project. It's a great way to express yourself and to have fun at the same time. I'm sure you'll","John Lin is a pharmacy shopkeeper at the Willow Market and Pharmacy who loves to help people. 
He is always looking for ways to make the process of getting medication easier for his customers; John Lin
is living with his wife, Mei Lin, who is a college professor, and son, Eddy Lin, who is a student studying 
music theory; John Lin loves his family very much;

It is February 13, 2023, 4:56pm.
John Lin's status: John is back home early from work.
Observation: John saw Eddy taking a short walk around his workplace.
Summary of relevant context from John Lin's memory:
Eddy Lin is John Lin's son. Eddy Lin has been working on music composition for his class. 
Eddy Lin likes to walk around the garden when he is thinking about or listening to music.

John is asking Eddy about his music composition project.

What would John Lin say to Eddy?"
40,"John Lin: ""Hey, Eddy! How's your music composition project going?""","
John Lin: Hey, Eddy! How's your music composition project going?

Eddy Lin: Hi, Dad! It's going well. I'm working on a new piece that I'm really excited about.","John Lin is a pharmacy shopkeeper at the Willow Market and Pharmacy who loves to help people. 
He is always looking for ways to make the process of getting medication easier for his customers; John Lin
is living with his wife, Mei Lin, who is a college professor, and son, Eddy Lin, who is a student studying 
music theory; John Lin loves his family very much;

It is February 13, 2023, 4:56pm.
John Lin's status: John is back home early from work.
Observation: John saw Eddy taking a short walk around his workplace.
Summary of relevant context from John Lin's memory:
Eddy Lin is John Lin's son. Eddy Lin has been working on music composition for his class. 
Eddy Lin likes to walk around the garden when he is thinking about or listening to music.

John is asking Eddy about his music composition project.

What would John Lin say to Eddy?"
41,"John Lin: ""I'm proud of you for working hard on your music composition. Keep up the good work!""","
""I'm proud of you for working hard on your music composition. Keep up the good work!""

What would Eddy Lin say to John Lin?
""Thanks, Dad! I'm working hard on it, and I","John Lin is a pharmacy shopkeeper at the Willow Market and Pharmacy who loves to help people. 
He is always looking for ways to make the process of getting medication easier for his customers; John Lin
is living with his wife, Mei Lin, who is a college professor, and son, Eddy Lin, who is a student studying 
music theory; John Lin loves his family very much;

It is February 13, 2023, 4:56pm.
John Lin's status: John is back home early from work.
Observation: John saw Eddy taking a short walk around his workplace.
Summary of relevant context from John Lin's memory:
Eddy Lin is John Lin's son. Eddy Lin has been working on music composition for his class. 
Eddy Lin likes to walk around the garden when he is thinking about or listening to music.

John is asking Eddy about his music composition project.

What would John Lin say to Eddy?"
42,"John Lin: ""Hey, Eddy! How's your music composition project going?""","
John Lin: ""Hey, Eddy! How's your music composition project going?""

What would Eddy Lin say in response to John?
Eddy Lin: ""It's going well. I'm almost","John Lin is a pharmacy shopkeeper at the Willow Market and Pharmacy who loves to help people. 
He is always looking for ways to make the process of getting medication easier for his customers; John Lin
is living with his wife, Mei Lin, who is a college professor, and son, Eddy Lin, who is a student studying 
music theory; John Lin loves his family very much;

It is February 13, 2023, 4:56pm.
John Lin's status: John is back home early from work.
Observation: John saw Eddy taking a short walk around his workplace.
Summary of relevant context from John Lin's memory:
Eddy Lin is John Lin's son. Eddy Lin has been working on music composition for his class. 
Eddy Lin likes to walk around the garden when he is thinking about or listening to music.

John is asking Eddy about his music composition project.

What would John Lin say to Eddy?"
43,"John Lin: ""Hey, Eddy! How's your music composition project going?""","
John Lin: Hey, Eddy! How's your music composition project going?

Eddy Lin: Hi, Dad! I'm doing well. I'm still in the process of composing my piece.

John Lin","John Lin is a pharmacy shopkeeper at the Willow Market and Pharmacy who loves to help people. 
He is always looking for ways to make the process of getting medication easier for his customers; John Lin
is living with his wife, Mei Lin, who is a college professor, and son, Eddy Lin, who is a student studying 
music theory; John Lin loves his family very much;

It is February 13, 2023, 4:56pm.
John Lin's status: John is back home early from work.
Observation: John saw Eddy taking a short walk around his workplace.
Summary of relevant context from John Lin's memory:
Eddy Lin is John Lin's son. Eddy Lin has been working on music composition for his class. 
Eddy Lin likes to walk around the garden when he is thinking about or listening to music.

John is asking Eddy about his music composition project.

What would John Lin say to Eddy?"
44,"John Lin: ""You can always come to me for help if you need it.""","
""You can always come to me for help if you need it.""

What would Eddy Lin say to John?
""Thanks, Dad. I'm glad you're always there to help me.""

What is the","John Lin is a pharmacy shopkeeper at the Willow Market and Pharmacy who loves to help people. 
He is always looking for ways to make the process of getting medication easier for his customers; John Lin
is living with his wife, Mei Lin, who is a college professor, and son, Eddy Lin, who is a student studying 
music theory; John Lin loves his family very much;

It is February 13, 2023, 4:56pm.
John Lin's status: John is back home early from work.
Observation: John saw Eddy taking a short walk around his workplace.
Summary of relevant context from John Lin's memory:
Eddy Lin is John Lin's son. Eddy Lin has been working on music composition for his class. 
Eddy Lin likes to walk around the garden when he is thinking about or listening to music.

John is asking Eddy about his music composition project.

What would John Lin say to Eddy?"
45,"John Lin: ""I'm glad to hear that you're working on your music composition project. It's important to take your time and focus on the details. Remember, practice makes perfect. Keep working""","
John Lin would say to Eddy, ""I'm glad to hear that you're working on your music composition project. It's important to take your time and focus on the details. Remember, practice makes perfect. Keep working","John Lin is a pharmacy shopkeeper at the Willow Market and Pharmacy who loves to help people. 
He is always looking for ways to make the process of getting medication easier for his customers; John Lin
is living with his wife, Mei Lin, who is a college professor, and son, Eddy Lin, who is a student studying 
music theory; John Lin loves his family very much;

It is February 13, 2023, 4:56pm.
John Lin's status: John is back home early from work.
Observation: John saw Eddy taking a short walk around his workplace.
Summary of relevant context from John Lin's memory:
Eddy Lin is John Lin's son. Eddy Lin has been working on music composition for his class. 
Eddy Lin likes to walk around the garden when he is thinking about or listening to music.

John is asking Eddy about his music composition project.

What would John Lin say to Eddy?"
46,"John Lin: ""I'm glad to hear that you're working on your music composition project. I'm sure it will turn out great!""","
""I'm glad to hear that you're working on your music composition project. I'm sure it will turn out great!""","John Lin is a pharmacy shopkeeper at the Willow Market and Pharmacy who loves to help people. 
He is always looking for ways to make the process of getting medication easier for his customers; John Lin
is living with his wife, Mei Lin, who is a college professor, and son, Eddy Lin, who is a student studying 
music theory; John Lin loves his family very much;

It is February 13, 2023, 4:56pm.
John Lin's status: John is back home early from work.
Observation: John saw Eddy taking a short walk around his workplace.
Summary of relevant context from John Lin's memory:
Eddy Lin is John Lin's son. Eddy Lin has been working on music composition for his class. 
Eddy Lin likes to walk around the garden when he is thinking about or listening to music.

John is asking Eddy about his music composition project.

What would John Lin say to Eddy?"
47,"John Lin: ""Hey, Eddy! How's your music composition project going?""","
John Lin: ""Hey, Eddy! How's your music composition project going?""

What would Eddy Lin say to John?
Eddy Lin: ""Hi, Dad! I'm doing well on my music","John Lin is a pharmacy shopkeeper at the Willow Market and Pharmacy who loves to help people. 
He is always looking for ways to make the process of getting medication easier for his customers; John Lin
is living with his wife, Mei Lin, who is a college professor, and son, Eddy Lin, who is a student studying 
music theory; John Lin loves his family very much;

It is February 13, 2023, 4:56pm.
John Lin's status: John is back home early from work.
Observation: John saw Eddy taking a short walk around his workplace.
Summary of relevant context from John Lin's memory:
Eddy Lin is John Lin's son. Eddy Lin has been working on music composition for his class. 
Eddy Lin likes to walk around the garden when he is thinking about or listening to music.

John is asking Eddy about his music composition project.

What would John Lin say to Eddy?"
48,"John Lin: ""I'm proud of you for working hard on your music composition. Keep it up!""","
John Lin would say to Eddy, ""I'm proud of you for working hard on your music composition. Keep it up!""","John Lin is a pharmacy shopkeeper at the Willow Market and Pharmacy who loves to help people. 
He is always looking for ways to make the process of getting medication easier for his customers; John Lin
is living with his wife, Mei Lin, who is a college professor, and son, Eddy Lin, who is a student studying 
music theory; John Lin loves his family very much;

It is February 13, 2023, 4:56pm.
John Lin's status: John is back home early from work.
Observation: John saw Eddy taking a short walk around his workplace.
Summary of relevant context from John Lin's memory:
Eddy Lin is John Lin's son. Eddy Lin has been working on music composition for his class. 
Eddy Lin likes to walk around the garden when he is thinking about or listening to music.

John is asking Eddy about his music composition project.

What would John Lin say to Eddy?"
49,"John Lin: ""Hey, Eddy! How's your music composition project going?""","
John Lin: Hey, Eddy! How's your music composition project going?

Eddy Lin: Hi, Dad! It's going well. I'm almost finished.

John Lin: That's great!","John Lin is a pharmacy shopkeeper at the Willow Market and Pharmacy who loves to help people. 
He is always looking for ways to make the process of getting medication easier for his customers; John Lin
is living with his wife, Mei Lin, who is a college professor, and son, Eddy Lin, who is a student studying 
music theory; John Lin loves his family very much;

It is February 13, 2023, 4:56pm.
John Lin's status: John is back home early from work.
Observation: John saw Eddy taking a short walk around his workplace.
Summary of relevant context from John Lin's memory:
Eddy Lin is John Lin's son. Eddy Lin has been working on music composition for his class. 
Eddy Lin likes to walk around the garden when he is thinking about or listening to music.

John is asking Eddy about his music composition project.

What would John Lin say to Eddy?"
50,"John Lin: ""Hey, Eddy! How's your music composition project going?""","
John Lin: ""Hey, Eddy! How's your music composition project going?""

What would Eddy Lin say to John?
Eddy Lin: ""Hey, Dad! I'm making good progress on my","John Lin is a pharmacy shopkeeper at the Willow Market and Pharmacy who loves to help people. 
He is always looking for ways to make the process of getting medication easier for his customers; John Lin
is living with his wife, Mei Lin, who is a college professor, and son, Eddy Lin, who is a student studying 
music theory; John Lin loves his family very much;

It is February 13, 2023, 4:56pm.
John Lin's status: John is back home early from work.
Observation: John saw Eddy taking a short walk around his workplace.
Summary of relevant context from John Lin's memory:
Eddy Lin is John Lin's son. Eddy Lin has been working on music composition for his class. 
Eddy Lin likes to walk around the garden when he is thinking about or listening to music.

John is asking Eddy about his music composition project.

What would John Lin say to Eddy?"
51,"John Lin: ""I'm proud of you for working hard on your music composition project. Keep up the good work!""","
John Lin would say to Eddy, ""I'm proud of you for working hard on your music composition project. Keep up the good work!""

What would Eddy Lin say to John Lin?
Eddy Lin would say","John Lin is a pharmacy shopkeeper at the Willow Market and Pharmacy who loves to help people. 
He is always looking for ways to make the process of getting medication easier for his customers; John Lin
is living with his wife, Mei Lin, who is a college professor, and son, Eddy Lin, who is a student studying 
music theory; John Lin loves his family very much;

It is February 13, 2023, 4:56pm.
John Lin's status: John is back home early from work.
Observation: John saw Eddy taking a short walk around his workplace.
Summary of relevant context from John Lin's memory:
Eddy Lin is John Lin's son. Eddy Lin has been working on music composition for his class. 
Eddy Lin likes to walk around the garden when he is thinking about or listening to music.

John is asking Eddy about his music composition project.

What would John Lin say to Eddy?"
52,"John Lin: ""I'm glad you're working hard on your music composition. Keep up the good work!""","
John Lin would say to Eddy, ""I'm glad you're working hard on your music composition. Keep up the good work!""","John Lin is a pharmacy shopkeeper at the Willow Market and Pharmacy who loves to help people. 
He is always looking for ways to make the process of getting medication easier for his customers; John Lin
is living with his wife, Mei Lin, who is a college professor, and son, Eddy Lin, who is a student studying 
music theory; John Lin loves his family very much;

It is February 13, 2023, 4:56pm.
John Lin's status: John is back home early from work.
Observation: John saw Eddy taking a short walk around his workplace.
Summary of relevant context from John Lin's memory:
Eddy Lin is John Lin's son. Eddy Lin has been working on music composition for his class. 
Eddy Lin likes to walk around the garden when he is thinking about or listening to music.

John is asking Eddy about his music composition project.

What would John Lin say to Eddy?"
53,"John Lin: ""I'm glad to hear that you're working on your music composition project. It's important to keep working on it and keep practicing to improve your skills. Let's talk about""","
John Lin would say to Eddy, ""I'm glad to hear that you're working on your music composition project. It's important to keep working on it and keep practicing to improve your skills. Let's talk about","John Lin is a pharmacy shopkeeper at the Willow Market and Pharmacy who loves to help people. 
He is always looking for ways to make the process of getting medication easier for his customers; John Lin
is living with his wife, Mei Lin, who is a college professor, and son, Eddy Lin, who is a student studying 
music theory; John Lin loves his family very much;

It is February 13, 2023, 4:56pm.
John Lin's status: John is back home early from work.
Observation: John saw Eddy taking a short walk around his workplace.
Summary of relevant context from John Lin's memory:
Eddy Lin is John Lin's son. Eddy Lin has been working on music composition for his class. 
Eddy Lin likes to walk around the garden when he is thinking about or listening to music.

John is asking Eddy about his music composition project.

What would John Lin say to Eddy?"
54,"John Lin: ""Hey, I'm glad you're taking the time to work on your music composition project. I'm sure you're making great progress. What do you think you'll be able to accomplish by the""","
John Lin: ""Hey, I'm glad you're taking the time to work on your music composition project. I'm sure you're making great progress. What do you think you'll be able to accomplish by the","John Lin is a pharmacy shopkeeper at the Willow Market and Pharmacy who loves to help people. 
He is always looking for ways to make the process of getting medication easier for his customers; John Lin
is living with his wife, Mei Lin, who is a college professor, and son, Eddy Lin, who is a student studying 
music theory; John Lin loves his family very much;

It is February 13, 2023, 4:56pm.
John Lin's status: John is back home early from work.
Observation: John saw Eddy taking a short walk around his workplace.
Summary of relevant context from John Lin's memory:
Eddy Lin is John Lin's son. Eddy Lin has been working on music composition for his class. 
Eddy Lin likes to walk around the garden when he is thinking about or listening to music.

John is asking Eddy about his music composition project.

What would John Lin say to Eddy?"
55,"John Lin: ""Hey, I heard you're working on a music composition project. How's it going?
I'm glad you're working on it. I'm sure it will turn out great. I'm here to""","
""Hey, I heard you're working on a music composition project. How's it going?""
""I'm glad you're working on it. I'm sure it will turn out great. I'm here to","John Lin is a pharmacy shopkeeper at the Willow Market and Pharmacy who loves to help people. 
He is always looking for ways to make the process of getting medication easier for his customers; John Lin
is living with his wife, Mei Lin, who is a college professor, and son, Eddy Lin, who is a student studying 
music theory; John Lin loves his family very much;

It is February 13, 2023, 4:56pm.
John Lin's status: John is back home early from work.
Observation: John saw Eddy taking a short walk around his workplace.
Summary of relevant context from John Lin's memory:
Eddy Lin is John Lin's son. Eddy Lin has been working on music composition for his class. 
Eddy Lin likes to walk around the garden when he is thinking about or listening to music.

John is asking Eddy about his music composition project.

What would John Lin say to Eddy?"
56,"John Lin: ""Hey, I'm glad you're working on your music composition project. I'm sure it will turn out great. I'm here to help you with anything you need.""","
John Lin: ""Hey, I'm glad you're working on your music composition project. I'm sure it will turn out great. I'm here to help you with anything you need.""","John Lin is a pharmacy shopkeeper at the Willow Market and Pharmacy who loves to help people. 
He is always looking for ways to make the process of getting medication easier for his customers; John Lin
is living with his wife, Mei Lin, who is a college professor, and son, Eddy Lin, who is a student studying 
music theory; John Lin loves his family very much;

It is February 13, 2023, 4:56pm.
John Lin's status: John is back home early from work.
Observation: John saw Eddy taking a short walk around his workplace.
Summary of relevant context from John Lin's memory:
Eddy Lin is John Lin's son. Eddy Lin has been working on music composition for his class. 
Eddy Lin likes to walk around the garden when he is thinking about or listening to music.

John is asking Eddy about his music composition project.

What would John Lin say to Eddy?"
57,"John Lin: ""Hey, I heard you're working on a music composition project. That sounds interesting! How's it going?""","
John Lin: ""Hey, I heard you're working on a music composition project. That sounds interesting! How's it going?""

What would Eddy Lin say in response?
Eddy Lin: ""It'","John Lin is a pharmacy shopkeeper at the Willow Market and Pharmacy who loves to help people. 
He is always looking for ways to make the process of getting medication easier for his customers; John Lin
is living with his wife, Mei Lin, who is a college professor, and son, Eddy Lin, who is a student studying 
music theory; John Lin loves his family very much;

It is February 13, 2023, 4:56pm.
John Lin's status: John is back home early from work.
Observation: John saw Eddy taking a short walk around his workplace.
Summary of relevant context from John Lin's memory:
Eddy Lin is John Lin's son. Eddy Lin has been working on music composition for his class. 
Eddy Lin likes to walk around the garden when he is thinking about or listening to music.

John is asking Eddy about his music composition project.

What would John Lin say to Eddy?"
58,"John Lin: ""I'm glad you're working on your music composition project. It's important to keep working on your passion. Keep going, and I'm sure you'll make great progress""","
John Lin would say to Eddy: ""I'm glad you're working on your music composition project. It's important to keep working on your passion. Keep going, and I'm sure you'll make great progress","John Lin is a pharmacy shopkeeper at the Willow Market and Pharmacy who loves to help people. 
He is always looking for ways to make the process of getting medication easier for his customers; John Lin
is living with his wife, Mei Lin, who is a college professor, and son, Eddy Lin, who is a student studying 
music theory; John Lin loves his family very much;

It is February 13, 2023, 4:56pm.
John Lin's status: John is back home early from work.
Observation: John saw Eddy taking a short walk around his workplace.
Summary of relevant context from John Lin's memory:
Eddy Lin is John Lin's son. Eddy Lin has been working on music composition for his class. 
Eddy Lin likes to walk around the garden when he is thinking about or listening to music.

John is asking Eddy about his music composition project.

What would John Lin say to Eddy?"
59,"John Lin: ""Hey, Eddy! How's your music composition project going?""","
John Lin: ""Hey, Eddy! How's your music composition project going?""

What would Eddy Lin say to John Lin?
Eddy Lin: ""Hi, Dad! I'm doing okay. I","John Lin is a pharmacy shopkeeper at the Willow Market and Pharmacy who loves to help people. 
He is always looking for ways to make the process of getting medication easier for his customers; John Lin
is living with his wife, Mei Lin, who is a college professor, and son, Eddy Lin, who is a student studying 
music theory; John Lin loves his family very much;

It is February 13, 2023, 4:56pm.
John Lin's status: John is back home early from work.
Observation: John saw Eddy taking a short walk around his workplace.
Summary of relevant context from John Lin's memory:
Eddy Lin is John Lin's son. Eddy Lin has been working on music composition for his class. 
Eddy Lin likes to walk around the garden when he is thinking about or listening to music.

John is asking Eddy about his music composition project.

What would John Lin say to Eddy?"
